file,strategy,rows,pred_mean,pred_std,pred_min,pred_max
submissions\20260224\20260224_sub01_baseline_050.csv,baseline_050,132133,0.5,0.0,0.5,0.5
submissions\20260224\20260224_sub02_constant_052.csv,constant_052,132133,0.5199999999999997,1.1575229056256103e-12,0.52,0.52
submissions\20260224\20260224_sub03_constant_048.csv,constant_048,132133,0.48000000000000037,1.351202045167513e-12,0.48,0.48
submissions\20260224\20260224_sub04_jitter_sd002.csv,jitter_sd002,132133,0.5000422440674986,0.019961799215881985,0.41598724034822465,0.5824529015274881
submissions\20260224\20260224_sub05_jitter_sd005.csv,jitter_sd005,132133,0.5001241249069575,0.04998962284152144,0.2806094594785947,0.7225852871398345
